{
  "2018": {
    "computational_thinking": {
      "coverage": 0.25496688741721857,
      "gap": 0,
      "gap_percentage": -69.97792494481239
    },
    "mathematical_reasoning": {
      "coverage": 0.0033112582781456954,
      "gap": 0.1466887417218543,
      "gap_percentage": 97.79249448123622
    },
    "pattern_recognition": {
      "coverage": 0.08940397350993377,
      "gap": 0.06059602649006622,
      "gap_percentage": 40.397350993377486
    },
    "data_concepts": {
      "coverage": 0.20860927152317882,
      "gap": 0,
      "gap_percentage": -39.07284768211922
    },
    "ai_specific": {
      "coverage": 0.006622516556291391,
      "gap": 0.1433774834437086,
      "gap_percentage": 95.58498896247241
    },
    "digital_literacy": {
      "coverage": 0.11589403973509933,
      "gap": 0.03410596026490066,
      "gap_percentage": 22.737306843267106
    },
    "optimization": {
      "coverage": 0.0,
      "gap": 0.15,
      "gap_percentage": 100.0
    },
    "computational_mathematics": {
      "coverage": 0.0,
      "gap": 0.15,
      "gap_percentage": 100.0
    }
  },
  "2024": {
    "computational_thinking": {
      "coverage": 0.28214731585518105,
      "gap": 0,
      "gap_percentage": -88.0982105701207
    },
    "mathematical_reasoning": {
      "coverage": 0.1136079900124844,
      "gap": 0.0363920099875156,
      "gap_percentage": 24.261339991677065
    },
    "pattern_recognition": {
      "coverage": 0.07990012484394507,
      "gap": 0.07009987515605492,
      "gap_percentage": 46.733250104036614
    },
    "data_concepts": {
      "coverage": 0.12983770287141075,
      "gap": 0.020162297128589246,
      "gap_percentage": 13.4415314190595
    },
    "ai_specific": {
      "coverage": 0.02122347066167291,
      "gap": 0.1287765293383271,
      "gap_percentage": 85.85101955888473
    },
    "digital_literacy": {
      "coverage": 0.019975031210986267,
      "gap": 0.13002496878901373,
      "gap_percentage": 86.68331252600916
    },
    "optimization": {
      "coverage": 0.0,
      "gap": 0.15,
      "gap_percentage": 100.0
    },
    "computational_mathematics": {
      "coverage": 0.0,
      "gap": 0.15,
      "gap_percentage": 100.0
    }
  },
  "improvement": {
    "computational_thinking": 0.02718042843796248,
    "mathematical_reasoning": 0.1102967317343387,
    "pattern_recognition": -0.009503848665988704,
    "data_concepts": -0.07877156865176807,
    "ai_specific": 0.014600954105381519,
    "digital_literacy": -0.09591900852411306,
    "optimization": 0.0,
    "computational_mathematics": 0.0
  }
}