Metric,2018,2024,Change
Total Words,15732.0,97735.0,+521.2%
Total Sentences,1937.0,6114.0,+215.6%
Total Objectives,278.0,801.0,+188.1%
Avg Word Length,4.633994406305619,5.893937688647874,+27.2%
Avg Sentence Length,6.287558079504389,13.647039581288846,+117.0%
Avg Objective Length,8.33453237410072,6.645443196004994,-20.3%
